id;имя;широта_старта;долгота_старта;транспорт;навыки;смена_начало;смена_конец;старт_из_офиса;оборудование
8;Бригада Арташкин;55.699798;37.772576;Общественный транспорт;Локальные работы, Работы на подключение и дозаказы, Аварийные работы;17.08.2026 09:00;17.08.2026 23:00;да;
9;Бригада Белузин;55.699798;37.772576;Общественный транспорт;Локальные работы, Работы на подключение и дозаказы, Аварийные работы;17.08.2026 09:00;17.08.2026 23:00;да;
10;Бригада Гусаковский;55.699798;37.772576;Общественный транспорт;Локальные работы, Работы на подключение и дозаказы, Аварийные работы;17.08.2026 09:00;17.08.2026 23:00;да;
11;Бригада Зверев;55.699798;37.772576;Общественный транспорт;Локальные работы, Работы на подключение и дозаказы, Аварийные работы;17.08.2026 09:00;17.08.2026 23:00;да;
12;Бригада Каушнян;55.699798;37.772576;Общественный транспорт;Локальные работы, Работы на подключение и дозаказы, Аварийные работы;17.08.2026 09:00;17.08.2026 23:00;да;
13;Бригада Комарь;55.699798;37.772576;Общественный транспорт;Локальные работы, Работы на подключение и дозаказы, Аварийные работы;17.08.2026 09:00;17.08.2026 23:00;да;
14;Бригада Матвеев;55.699798;37.772576;Общественный транспорт;Локальные работы, Работы на подключение и дозаказы, Аварийные работы;17.08.2026 09:00;17.08.2026 23:00;да;
15;Бригада Мельников;55.699798;37.772576;Общественный транспорт;Локальные работы, Работы на подключение и дозаказы, Аварийные работы;17.08.2026 09:00;17.08.2026 23:00;да;
16;Бригада Перов;55.699798;37.772576;Общественный транспорт;Локальные работы, Работы на подключение и дозаказы, Аварийные работы;17.08.2026 09:00;17.08.2026 23:00;да;
17;Бригада Попов;55.699798;37.772576;Общественный транспорт;Локальные работы, Работы на подключение и дозаказы, Аварийные работы;17.08.2026 09:00;17.08.2026 23:00;да;
18;Бригада Свеженцев;55.699798;37.772576;Общественный транспорт;Локальные работы, Работы на подключение и дозаказы, Аварийные работы;17.08.2026 09:00;17.08.2026 23:00;да;
19;Бригада Соколов;55.699798;37.772576;Общественный транспорт;Локальные работы, Работы на подключение и дозаказы, Аварийные работы;17.08.2026 09:00;17.08.2026 23:00;да;
