адрес,статус,широта_проверенная,долгота_проверенная
"Город Москва, ул.3-я Институтская, д. 5 к 2",not_found,55.721959, 37.782045
"Город Москва, ул.1-я Новокузьминская, д. 16 к 1",not_found,55.714389, 37.789743
"Город Москва, ул.Международная, д. 28 стр. 1",review_required,55.743178, 37.687749
"Город Москва, ул.Окская, д. 48/2",review_required,55.717639, 37.779422
"Город Москва, ул.1-я Дубровская, д. 6",not_found,55.726791, 37.669558
"Город Москва, ул.Рогожский Вал, д. 2/50",review_required,55.745635, 37.677795
"Город Москва, ул.Талалихина, д. 2/1 к 4",review_required,55.737005, 37.673340
"Город Москва, ул.Саратовская, д. 14/1",review_required,55.714303, 37.738297
"Город Москва, ул.Зеленодольская, д. 28Б",not_found,55.711757, 37.770933
"Город Москва, ул.3-я Карачаровская, д. 4 к 1",not_found,55.733756, 37.744567
"Город Москва, ул.Ферганская, д. 28/7",review_required,55.701095, 37.824921
"Город Москва, б-р.Самаркандский Квартал 137а, д. к5",review_required,55.700045, 37.819280
"Город Москва, ул.2-я Синичкина, д. 9 к 1",not_found,55.762667, 37.712946
"Москва, проезд Орехово-Зуевский, д. 18/8",review_required,55.731374, 37.753694
"Город Москва, ул.Машкова, д. 13 стр. 1",review_required,55.764202, 37.652310
"Город Москва, ул.11-я Текстильщиков, д. 10",not_found,55.706878, 37.743148
"Город Москва, ул.Земляной Вал, д. 24/30 стр. 1",not_found,55.758711, 37.657152
"Город Москва, ул.3-я Карачаровская, д. 8 к 2",not_found,55.733351, 37.747190
"Город Москва, ул.Красноказарменная, д. 9Б стр. 1",not_found,55.758139, 37.697738
"г.Город Москва, б-р.Самаркандский, д. 32к1",not_found,55.697787, 37.812704
"г.Город Москва, б-р.Самаркандский, д. 10к2",review_required,55.706513, 37.826269
"г.Город Москва, ул.Ташкентская, д. 16к2",review_required,55.704007, 37.813073
"г.Город Москва, наб.Семеновская, д. 3/1к2",review_required,55.778456, 37.707718
"г.Город Москва, наб.Семеновская, д. 2/1",review_required,55.777267, 37.704727
"г.Город Москва, пр-кт.Волгоградский, д. 128к1",review_required,55.702318, 37.782826
