id;адрес;широта;долгота;тип_работ;длительность_мин;окно_начало;окно_конец;приоритет;навык;транспорт;активна;оборудование
433;Город Москва, ул.Окская, д. 32;55.714471;37.769522;Подключение клиентов, базовая;70;05.09.2026 08:00;05.09.2026 12:00;Обычный;Работы на подключение и дозаказы;;да;
434;Город Москва, ул.Ферганская, д. 28/7;55.701095;37.824921;Авария на ТКД;80;05.09.2026 10:00;05.09.2026 13:00;Аварийный;Аварийные работы;Автомобиль;да;Роутер: 2
435;Город Москва, пер.Большой Рогожский, д. 10 к 2;55.742000;37.667645;Локальная заявка / ремонт у клиента;30;05.09.2026 11:00;05.09.2026 12:00;Обычный;Локальные работы;;да;Роутер: 1, ТВ-приставка: 1
436;Город Москва, ул.Паперника, д. 18;55.721323;37.793512;Локальная заявка / ремонт у клиента;30;05.09.2026 13:00;05.09.2026 15:30;Обычный;Локальные работы;;да;
437;Город Москва, пр-кт.Волгоградский, д. 128 к 5;55.700846;37.782219;Подключение клиентов, базовая;70;05.09.2026 13:00;05.09.2026 20:00;Обычный;Работы на подключение и дозаказы;;да;
438;Город Москва, ул.2-я Синичкина, д. 9 к 1;55.762667;37.712946;Дозаказ оборудования;20;05.09.2026 13:30;05.09.2026 14:30;Обычный;Работы на подключение и дозаказы;;да;ТВ-приставка: 1
439;Город Москва, ул.11-я Текстильщиков, д. 10;55.706878;37.743148;Дозаказ оборудования;20;05.09.2026 15:00;05.09.2026 15:30;Обычный;Работы на подключение и дозаказы;;да;ТВ-приставка: 1
417;Проверка;55.719787;37.736092;Локальная заявка / ремонт у клиента;30;05.09.2026 16:00;06.09.2026 01:00;Обычный;Локальные работы;;нет;Роутер: 3
440;Город Москва, б-р.Самаркандский Квартал 137а, д. к5;55.700045;37.819280;Дозаказ оборудования;20;05.09.2026 16:00;05.09.2026 21:00;Обычный;Работы на подключение и дозаказы;;да;
441;Город Москва, ул.Большая Калитниковская, д. 38;55.736168;37.686206;Локальная заявка / ремонт у клиента;30;05.09.2026 18:00;05.09.2026 20:00;Обычный;Локальные работы;;да;
442;Город Москва, ул.Маршала Чуйкова, д. 9 к 2;55.697144;37.762011;Локальная заявка / ремонт у клиента;30;05.09.2026 18:00;05.09.2026 20:00;Высокий;Локальные работы;;да;
443;Город Москва, б-р.Самаркандский Квартал 137а, д. к5;55.700045;37.819280;Локальная заявка / ремонт у клиента;30;05.09.2026 19:00;05.09.2026 22:00;Обычный;Локальные работы;;да;
444;Город Москва, ул.Михайлова, д. 14;55.727030;37.765960;Локальная заявка / ремонт у клиента;30;05.09.2026 20:00;05.09.2026 22:00;Высокий;Локальные работы;;да;ТВ-приставка: 1
445;г.Город Москва, ул.Саратовская, д. 16;55.715001;37.740197;Авария на ТКД;80;05.09.2026 20:00;05.09.2026 22:00;Аварийный;Аварийные работы;Автомобиль;да;
446;г.Город Москва, пр-кт.Волгоградский, д. 128к1;55.702318;37.782826;Авария на ТКД;80;05.09.2026 20:00;05.09.2026 22:00;Аварийный;Аварийные работы;;да;
